img_name,object,count,bin,bin_label,dataset,original_img_id
fsc_1074.jpg,buffaloes,9,"(7, 10]",2,fsc,1074
fsc_1087.jpg,buffaloes,82,"(79, 82]",26,fsc,1087
fsc_1130.jpg,markers,61,"(58, 61]",19,fsc,1130
fsc_1328.jpg,shoes,12,"(10, 13]",3,fsc,1328
fsc_1386.jpg,pills,35,"(34, 37]",11,fsc,1386
fsc_1391.jpg,pills,42,"(40, 43]",13,fsc,1391
fsc_1867.jpg,boats,26,"(25, 28]",8,fsc,1867
fsc_1875.jpg,elephants,54,"(52, 55]",17,fsc,1875
fsc_1890.jpg,bottle caps,76,"(73, 76]",24,fsc,1890
fsc_1891.jpg,bottle caps,31,"(28, 31]",9,fsc,1891
fsc_1897.jpg,bottle caps,12,"(10, 13]",3,fsc,1897
fsc_1902.jpg,bottle caps,94,"(91, 94]",30,fsc,1902
fsc_1927.jpg,bottle caps,68,"(67, 70]",22,fsc,1927
fsc_1929.jpg,bottle caps,86,"(85, 88]",28,fsc,1929
fsc_194.jpg,peaches,82,"(79, 82]",26,fsc,194
fsc_1944.jpg,bottle caps,48,"(46, 49]",15,fsc,1944
fsc_1945.jpg,bottle caps,44,"(43, 46]",14,fsc,1945
fsc_1959.jpg,bottle caps,68,"(67, 70]",22,fsc,1959
fsc_196.jpg,peaches,85,"(82, 85]",27,fsc,196
fsc_1965.jpg,bottle caps,96,"(94, 97]",31,fsc,1965
fsc_197.jpg,peaches,77,"(76, 79]",25,fsc,197
fsc_1976.jpg,bottle caps,32,"(31, 34]",10,fsc,1976
fsc_1979.jpg,bottle caps,40,"(37, 40]",12,fsc,1979
fsc_198.jpg,peaches,69,"(67, 70]",22,fsc,198
fsc_1987.jpg,bottle caps,95,"(94, 97]",31,fsc,1987
fsc_1996.jpg,bottle caps,24,"(22, 25]",7,fsc,1996
fsc_1997.jpg,bottle caps,14,"(13, 16]",4,fsc,1997
fsc_1999.jpg,bottle caps,83,"(82, 85]",27,fsc,1999
fsc_2.jpg,shells,8,"(7, 10]",2,fsc,2
fsc_2000.jpg,bottle caps,18,"(16, 19]",5,fsc,2000
fsc_2001.jpg,bottle caps,100,"(97, 100]",32,fsc,2001
fsc_2011.jpg,glasses,79,"(76, 79]",25,fsc,2011
fsc_2013.jpg,glasses,49,"(46, 49]",15,fsc,2013
fsc_2018.jpg,glasses,68,"(67, 70]",22,fsc,2018
fsc_2025.jpg,glasses,60,"(58, 61]",19,fsc,2025
fsc_2031.jpg,glasses,31,"(28, 31]",9,fsc,2031
fsc_2036.jpg,glasses,27,"(25, 28]",8,fsc,2036
fsc_2039.jpg,glasses,81,"(79, 82]",26,fsc,2039
fsc_2041.jpg,glasses,88,"(85, 88]",28,fsc,2041
fsc_2042.jpg,glasses,81,"(79, 82]",26,fsc,2042
fsc_2043.jpg,glasses,90,"(88, 91]",29,fsc,2043
fsc_2048.jpg,glasses,43,"(40, 43]",13,fsc,2048
fsc_2058.jpg,cows,26,"(25, 28]",8,fsc,2058
fsc_2063.jpg,cows,21,"(19, 22]",6,fsc,2063
fsc_2065.jpg,cows,50,"(49, 52]",16,fsc,2065
fsc_207.jpg,balls,11,"(10, 13]",3,fsc,207
fsc_2074.jpg,cows,24,"(22, 25]",7,fsc,2074
fsc_208.jpg,balls,68,"(67, 70]",22,fsc,208
fsc_2093.jpg,pens,14,"(13, 16]",4,fsc,2093
fsc_2114.jpg,pens,27,"(25, 28]",8,fsc,2114
fsc_2115.jpg,pens,46,"(43, 46]",14,fsc,2115
fsc_2124.jpg,pens,9,"(7, 10]",2,fsc,2124
fsc_2133.jpg,pens,23,"(22, 25]",7,fsc,2133
fsc_2137.jpg,ants,72,"(70, 73]",23,fsc,2137
fsc_2156.jpg,apples,68,"(67, 70]",22,fsc,2156
fsc_2172.jpg,apples,86,"(85, 88]",28,fsc,2172
fsc_2194.jpg,apples,38,"(37, 40]",12,fsc,2194
fsc_2202.jpg,apples,99,"(97, 100]",32,fsc,2202
fsc_2206.jpg,apples,88,"(85, 88]",28,fsc,2206
fsc_2213.jpg,apples,97,"(94, 97]",31,fsc,2213
fsc_2232.jpg,apples,96,"(94, 97]",31,fsc,2232
fsc_2236.jpg,apples,98,"(97, 100]",32,fsc,2236
fsc_2237.jpg,apples,20,"(19, 22]",6,fsc,2237
fsc_2245.jpg,apples,82,"(79, 82]",26,fsc,2245
fsc_2248.jpg,apples,53,"(52, 55]",17,fsc,2248
fsc_226.jpg,grapes,78,"(76, 79]",25,fsc,226
fsc_2265.jpg,apples,57,"(55, 58]",18,fsc,2265
fsc_2268.jpg,apples,74,"(73, 76]",24,fsc,2268
fsc_2270.jpg,apples,50,"(49, 52]",16,fsc,2270
fsc_2276.jpg,apples,30,"(28, 31]",9,fsc,2276
fsc_228.jpg,grapes,44,"(43, 46]",14,fsc,228
fsc_2300.jpg,camels,19,"(16, 19]",5,fsc,2300
fsc_2305.jpg,camels,27,"(25, 28]",8,fsc,2305
fsc_2316.jpg,camels,58,"(55, 58]",18,fsc,2316
fsc_2320.jpg,bricks,99,"(97, 100]",32,fsc,2320
fsc_2321.jpg,bricks,80,"(79, 82]",26,fsc,2321
fsc_2335.jpg,bricks,21,"(19, 22]",6,fsc,2335
fsc_2344.jpg,bricks,25,"(22, 25]",7,fsc,2344
fsc_2361.jpg,bricks,16,"(13, 16]",4,fsc,2361
fsc_237.jpg,grapes,65,"(64, 67]",21,fsc,237
fsc_2378.jpg,bricks,62,"(61, 64]",20,fsc,2378
fsc_2387.jpg,bricks,12,"(10, 13]",3,fsc,2387
fsc_2391.jpg,bricks,47,"(46, 49]",15,fsc,2391
fsc_2398.jpg,bricks,72,"(70, 73]",23,fsc,2398
fsc_24.jpg,bread rolls,27,"(25, 28]",8,fsc,24
fsc_2402.jpg,bricks,40,"(37, 40]",12,fsc,2402
fsc_2403.jpg,bricks,68,"(67, 70]",22,fsc,2403
fsc_2409.jpg,horses,59,"(58, 61]",19,fsc,2409
fsc_2413.jpg,horses,8,"(7, 10]",2,fsc,2413
fsc_2439.jpg,cups,28,"(25, 28]",8,fsc,2439
fsc_2440.jpg,cups,35,"(34, 37]",11,fsc,2440
fsc_2444.jpg,cups,23,"(22, 25]",7,fsc,2444
fsc_2454.jpg,windows,48,"(46, 49]",15,fsc,2454
fsc_2468.jpg,windows,52,"(49, 52]",16,fsc,2468
fsc_2473.jpg,windows,45,"(43, 46]",14,fsc,2473
fsc_2478.jpg,windows,56,"(55, 58]",18,fsc,2478
fsc_251.jpg,grapes,69,"(67, 70]",22,fsc,251
fsc_2519.jpg,spoons,49,"(46, 49]",15,fsc,2519
fsc_2520.jpg,spoons,17,"(16, 19]",5,fsc,2520
fsc_2524.jpg,spoons,8,"(7, 10]",2,fsc,2524
fsc_2525.jpg,spoons,44,"(43, 46]",14,fsc,2525
fsc_2527.jpg,spoons,20,"(19, 22]",6,fsc,2527
fsc_2537.jpg,spoons,24,"(22, 25]",7,fsc,2537
fsc_254.jpg,grapes,74,"(73, 76]",24,fsc,254
fsc_2541.jpg,bottles,12,"(10, 13]",3,fsc,2541
fsc_2550.jpg,bottles,73,"(70, 73]",23,fsc,2550
fsc_2553.jpg,bottles,97,"(94, 97]",31,fsc,2553
fsc_2555.jpg,bottles,36,"(34, 37]",11,fsc,2555
fsc_2556.jpg,bottles,61,"(58, 61]",19,fsc,2556
fsc_2557.jpg,bottles,65,"(64, 67]",21,fsc,2557
fsc_2566.jpg,bottles,96,"(94, 97]",31,fsc,2566
fsc_2567.jpg,bottles,78,"(76, 79]",25,fsc,2567
fsc_2570.jpg,bottles,22,"(19, 22]",6,fsc,2570
fsc_2573.jpg,bottles,8,"(7, 10]",2,fsc,2573
fsc_2575.jpg,bottles,81,"(79, 82]",26,fsc,2575
fsc_2580.jpg,bottles,75,"(73, 76]",24,fsc,2580
fsc_2586.jpg,bottles,33,"(31, 34]",10,fsc,2586
fsc_260.jpg,watermelon,33,"(31, 34]",10,fsc,260
fsc_2612.jpg,deer,28,"(25, 28]",8,fsc,2612
fsc_2617.jpg,deer,41,"(40, 43]",13,fsc,2617
fsc_2619.jpg,deer,47,"(46, 49]",15,fsc,2619
fsc_2624.jpg,cement bags,46,"(43, 46]",14,fsc,2624
fsc_2625.jpg,cement bags,13,"(10, 13]",3,fsc,2625
fsc_2630.jpg,cement bags,17,"(16, 19]",5,fsc,2630
fsc_2635.jpg,cement bags,27,"(25, 28]",8,fsc,2635
fsc_2636.jpg,cement bags,67,"(64, 67]",21,fsc,2636
fsc_2644.jpg,cement bags,56,"(55, 58]",18,fsc,2644
fsc_2646.jpg,cement bags,41,"(40, 43]",13,fsc,2646
fsc_2648.jpg,cement bags,91,"(88, 91]",29,fsc,2648
fsc_265.jpg,watermelon,19,"(16, 19]",5,fsc,265
fsc_2651.jpg,cement bags,34,"(31, 34]",10,fsc,2651
fsc_2653.jpg,bowls,92,"(91, 94]",30,fsc,2653
fsc_2654.jpg,bowls,77,"(76, 79]",25,fsc,2654
fsc_2663.jpg,bowls,75,"(73, 76]",24,fsc,2663
fsc_2672.jpg,bowls,67,"(64, 67]",21,fsc,2672
fsc_2673.jpg,bowls,14,"(13, 16]",4,fsc,2673
fsc_2676.jpg,bowls,47,"(46, 49]",15,fsc,2676
fsc_268.jpg,beads,50,"(49, 52]",16,fsc,268
fsc_2695.jpg,oranges,54,"(52, 55]",17,fsc,2695
fsc_2698.jpg,oranges,27,"(25, 28]",8,fsc,2698
fsc_2699.jpg,oranges,72,"(70, 73]",23,fsc,2699
fsc_2704.jpg,oranges,16,"(13, 16]",4,fsc,2704
fsc_2708.jpg,oranges,90,"(88, 91]",29,fsc,2708
fsc_2710.jpg,oranges,61,"(58, 61]",19,fsc,2710
fsc_2715.jpg,oranges,85,"(82, 85]",27,fsc,2715
fsc_2716.jpg,oranges,30,"(28, 31]",9,fsc,2716
fsc_2717.jpg,oranges,94,"(91, 94]",30,fsc,2717
fsc_2722.jpg,oranges,36,"(34, 37]",11,fsc,2722
fsc_2730.jpg,oranges,56,"(55, 58]",18,fsc,2730
fsc_2738.jpg,oranges,96,"(94, 97]",31,fsc,2738
fsc_274.jpg,penguins,30,"(28, 31]",9,fsc,274
fsc_2742.jpg,oranges,98,"(97, 100]",32,fsc,2742
fsc_2750.jpg,oranges,32,"(31, 34]",10,fsc,2750
fsc_2751.jpg,oranges,89,"(88, 91]",29,fsc,2751
fsc_2752.jpg,oranges,39,"(37, 40]",12,fsc,2752
fsc_2757.jpg,oranges,63,"(61, 64]",20,fsc,2757
fsc_2761.jpg,oranges,44,"(43, 46]",14,fsc,2761
fsc_2762.jpg,oranges,48,"(46, 49]",15,fsc,2762
fsc_2769.jpg,cans,66,"(64, 67]",21,fsc,2769
fsc_2771.jpg,cans,63,"(61, 64]",20,fsc,2771
fsc_2779.jpg,cans,25,"(22, 25]",7,fsc,2779
fsc_2787.jpg,cans,83,"(82, 85]",27,fsc,2787
fsc_2797.jpg,cans,86,"(85, 88]",28,fsc,2797
fsc_2799.jpg,cans,80,"(79, 82]",26,fsc,2799
fsc_2803.jpg,cans,61,"(58, 61]",19,fsc,2803
fsc_2806.jpg,cans,84,"(82, 85]",27,fsc,2806
fsc_2808.jpg,chairs,26,"(25, 28]",8,fsc,2808
fsc_2809.jpg,chairs,45,"(43, 46]",14,fsc,2809
fsc_2828.jpg,chairs,58,"(55, 58]",18,fsc,2828
fsc_2830.jpg,chairs,62,"(61, 64]",20,fsc,2830
fsc_2835.jpg,chairs,89,"(88, 91]",29,fsc,2835
fsc_2839.jpg,chairs,67,"(64, 67]",21,fsc,2839
fsc_2840.jpg,chairs,35,"(34, 37]",11,fsc,2840
fsc_2851.jpg,chairs,61,"(58, 61]",19,fsc,2851
fsc_2862.jpg,chairs,85,"(82, 85]",27,fsc,2862
fsc_2871.jpg,chairs,48,"(46, 49]",15,fsc,2871
fsc_2872.jpg,chairs,10,"(7, 10]",2,fsc,2872
fsc_2888.jpg,chairs,18,"(16, 19]",5,fsc,2888
fsc_2899.jpg,shirts,39,"(37, 40]",12,fsc,2899
fsc_2903.jpg,shirts,69,"(67, 70]",22,fsc,2903
fsc_291.jpg,strawberries,14,"(13, 16]",4,fsc,291
fsc_2910.jpg,stamps,14,"(13, 16]",4,fsc,2910
fsc_2912.jpg,stamps,72,"(70, 73]",23,fsc,2912
fsc_2915.jpg,stamps,61,"(58, 61]",19,fsc,2915
fsc_2923.jpg,stamps,86,"(85, 88]",28,fsc,2923
fsc_2925.jpg,stamps,65,"(64, 67]",21,fsc,2925
fsc_2927.jpg,stamps,49,"(46, 49]",15,fsc,2927
fsc_2928.jpg,stamps,45,"(43, 46]",14,fsc,2928
fsc_2929.jpg,stamps,77,"(76, 79]",25,fsc,2929
fsc_2931.jpg,stamps,43,"(40, 43]",13,fsc,2931
fsc_2934.jpg,stamps,56,"(55, 58]",18,fsc,2934
fsc_2936.jpg,stamps,23,"(22, 25]",7,fsc,2936
fsc_2941.jpg,stamps,17,"(16, 19]",5,fsc,2941
fsc_2944.jpg,stamps,68,"(67, 70]",22,fsc,2944
fsc_2952.jpg,stamps,67,"(64, 67]",21,fsc,2952
fsc_2954.jpg,stamps,38,"(37, 40]",12,fsc,2954
fsc_2960.jpg,fish,24,"(22, 25]",7,fsc,2960
fsc_2961.jpg,fish,89,"(88, 91]",29,fsc,2961
fsc_2963.jpg,fish,20,"(19, 22]",6,fsc,2963
fsc_2966.jpg,fish,63,"(61, 64]",20,fsc,2966
fsc_2969.jpg,fish,67,"(64, 67]",21,fsc,2969
fsc_2983.jpg,jeans,17,"(16, 19]",5,fsc,2983
fsc_2984.jpg,jeans,63,"(61, 64]",20,fsc,2984
fsc_3.jpg,hot-air balloons,11,"(10, 13]",3,fsc,3
fsc_302.jpg,strawberries,20,"(19, 22]",6,fsc,302
fsc_305.jpg,strawberries,11,"(10, 13]",3,fsc,305
fsc_3078.jpg,zebras,18,"(16, 19]",5,fsc,3078
fsc_3079.jpg,zebras,10,"(7, 10]",2,fsc,3079
fsc_3086.jpg,bread rolls,17,"(16, 19]",5,fsc,3086
fsc_3087.jpg,bread rolls,64,"(61, 64]",20,fsc,3087
fsc_3090.jpg,bread rolls,15,"(13, 16]",4,fsc,3090
fsc_310.jpg,strawberries,65,"(64, 67]",21,fsc,310
fsc_3107.jpg,nuts,80,"(79, 82]",26,fsc,3107
fsc_3110.jpg,nuts,100,"(97, 100]",32,fsc,3110
fsc_3116.jpg,bees,35,"(34, 37]",11,fsc,3116
fsc_3118.jpg,coffee beans,43,"(40, 43]",13,fsc,3118
fsc_312.jpg,strawberries,53,"(52, 55]",17,fsc,312
fsc_3121.jpg,coffee beans,60,"(58, 61]",19,fsc,3121
fsc_3127.jpg,coffee beans,100,"(97, 100]",32,fsc,3127
fsc_3128.jpg,coffee beans,72,"(70, 73]",23,fsc,3128
fsc_3130.jpg,coffee beans,83,"(82, 85]",27,fsc,3130
fsc_3131.jpg,coffee beans,92,"(91, 94]",30,fsc,3131
fsc_3133.jpg,coffee beans,88,"(85, 88]",28,fsc,3133
fsc_3142.jpg,coffee beans,88,"(85, 88]",28,fsc,3142
fsc_3144.jpg,coffee beans,54,"(52, 55]",17,fsc,3144
fsc_3145.jpg,coffee beans,80,"(79, 82]",26,fsc,3145
fsc_3152.jpg,gemstones,58,"(55, 58]",18,fsc,3152
fsc_3154.jpg,nuts,47,"(46, 49]",15,fsc,3154
fsc_3155.jpg,nuts,45,"(43, 46]",14,fsc,3155
fsc_3156.jpg,nuts,50,"(49, 52]",16,fsc,3156
fsc_3159.jpg,nuts,58,"(55, 58]",18,fsc,3159
fsc_3168.jpg,buns,40,"(37, 40]",12,fsc,3168
fsc_3209.jpg,candles,12,"(10, 13]",3,fsc,3209
fsc_3223.jpg,beans,89,"(88, 91]",29,fsc,3223
fsc_3225.jpg,beans,52,"(49, 52]",16,fsc,3225
fsc_3228.jpg,beans,99,"(97, 100]",32,fsc,3228
fsc_3229.jpg,beans,92,"(91, 94]",30,fsc,3229
fsc_3234.jpg,beans,35,"(34, 37]",11,fsc,3234
fsc_3235.jpg,beans,81,"(79, 82]",26,fsc,3235
fsc_3239.jpg,crayons,46,"(43, 46]",14,fsc,3239
fsc_3244.jpg,beads,68,"(67, 70]",22,fsc,3244
fsc_3260.jpg,beads,87,"(85, 88]",28,fsc,3260
fsc_3265.jpg,bullets,35,"(34, 37]",11,fsc,3265
fsc_3266.jpg,bullets,20,"(19, 22]",6,fsc,3266
fsc_3267.jpg,bullets,25,"(22, 25]",7,fsc,3267
fsc_3310.jpg,peas,31,"(28, 31]",9,fsc,3310
fsc_3313.jpg,peas,63,"(61, 64]",20,fsc,3313
fsc_3314.jpg,peas,92,"(91, 94]",30,fsc,3314
fsc_3319.jpg,peas,68,"(67, 70]",22,fsc,3319
fsc_3321.jpg,peas,49,"(46, 49]",15,fsc,3321
fsc_3328.jpg,peas,99,"(97, 100]",32,fsc,3328
fsc_3330.jpg,peas,57,"(55, 58]",18,fsc,3330
fsc_3343.jpg,onion rings,50,"(49, 52]",16,fsc,3343
fsc_3346.jpg,onion rings,8,"(7, 10]",2,fsc,3346
fsc_3348.jpg,onion rings,35,"(34, 37]",11,fsc,3348
fsc_3349.jpg,onion rings,27,"(25, 28]",8,fsc,3349
fsc_3354.jpg,bread rolls,7,"(4, 7]",1,fsc,3354
fsc_3381.jpg,bread rolls,47,"(46, 49]",15,fsc,3381
fsc_3392.jpg,bread rolls,12,"(10, 13]",3,fsc,3392
fsc_3404.jpg,nuts,85,"(82, 85]",27,fsc,3404
fsc_3405.jpg,nuts,77,"(76, 79]",25,fsc,3405
fsc_3406.jpg,nuts,96,"(94, 97]",31,fsc,3406
fsc_3413.jpg,nuts,65,"(64, 67]",21,fsc,3413
fsc_3415.jpg,nuts,93,"(91, 94]",30,fsc,3415
fsc_3417.jpg,nuts,61,"(58, 61]",19,fsc,3417
fsc_3421.jpg,nuts,98,"(97, 100]",32,fsc,3421
fsc_3422.jpg,nuts,81,"(79, 82]",26,fsc,3422
fsc_3444.jpg,packets of noodles,28,"(25, 28]",8,fsc,3444
fsc_3446.jpg,packets of noodles,14,"(13, 16]",4,fsc,3446
fsc_3449.jpg,beads,38,"(37, 40]",12,fsc,3449
fsc_3455.jpg,beads,59,"(58, 61]",19,fsc,3455
fsc_3498.jpg,beans,96,"(94, 97]",31,fsc,3498
fsc_3499.jpg,beans,91,"(88, 91]",29,fsc,3499
fsc_3501.jpg,beans,60,"(58, 61]",19,fsc,3501
fsc_3502.jpg,beans,70,"(67, 70]",22,fsc,3502
fsc_3505.jpg,m&ms,29,"(28, 31]",9,fsc,3505
fsc_3508.jpg,m&ms,25,"(22, 25]",7,fsc,3508
fsc_3510.jpg,m&ms,77,"(76, 79]",25,fsc,3510
fsc_3514.jpg,bread rolls,53,"(52, 55]",17,fsc,3514
fsc_3529.jpg,chicken wings,30,"(28, 31]",9,fsc,3529
fsc_356.jpg,birds,88,"(85, 88]",28,fsc,356
fsc_3568.jpg,chicken wings,23,"(22, 25]",7,fsc,3568
fsc_3574.jpg,chicken wings,42,"(40, 43]",13,fsc,3574
fsc_3593.jpg,coffee beans,84,"(82, 85]",27,fsc,3593
fsc_3595.jpg,coffee beans,89,"(88, 91]",29,fsc,3595
fsc_3596.jpg,coffee beans,95,"(94, 97]",31,fsc,3596
fsc_36.jpg,tomatoes,29,"(28, 31]",9,fsc,36
fsc_3600.jpg,coffee beans,31,"(28, 31]",9,fsc,3600
fsc_3601.jpg,coffee beans,82,"(79, 82]",26,fsc,3601
fsc_3602.jpg,coffee beans,52,"(49, 52]",16,fsc,3602
fsc_3619.jpg,gemstones,23,"(22, 25]",7,fsc,3619
fsc_3623.jpg,towels,28,"(25, 28]",8,fsc,3623
fsc_3632.jpg,gemstones,35,"(34, 37]",11,fsc,3632
fsc_3633.jpg,gemstones,62,"(61, 64]",20,fsc,3633
fsc_3634.jpg,gemstones,59,"(58, 61]",19,fsc,3634
fsc_364.jpg,birds,92,"(91, 94]",30,fsc,364
fsc_3640.jpg,gemstones,45,"(43, 46]",14,fsc,3640
fsc_3647.jpg,nuts,87,"(85, 88]",28,fsc,3647
fsc_3651.jpg,nuts,11,"(10, 13]",3,fsc,3651
fsc_3653.jpg,nuts,65,"(64, 67]",21,fsc,3653
fsc_3661.jpg,toilet paper rolls,9,"(7, 10]",2,fsc,3661
fsc_3664.jpg,toilet paper rolls,50,"(49, 52]",16,fsc,3664
fsc_3670.jpg,toilet paper rolls,36,"(34, 37]",11,fsc,3670
fsc_3671.jpg,toilet paper rolls,15,"(13, 16]",4,fsc,3671
fsc_3673.jpg,toilet paper rolls,46,"(43, 46]",14,fsc,3673
fsc_3674.jpg,toilet paper rolls,33,"(31, 34]",10,fsc,3674
fsc_3679.jpg,buns,35,"(34, 37]",11,fsc,3679
fsc_3682.jpg,buns,14,"(13, 16]",4,fsc,3682
fsc_3691.jpg,buns,11,"(10, 13]",3,fsc,3691
fsc_3693.jpg,candy pieces,36,"(34, 37]",11,fsc,3693
fsc_3694.jpg,candy pieces,34,"(31, 34]",10,fsc,3694
fsc_3695.jpg,candy pieces,16,"(13, 16]",4,fsc,3695
fsc_3697.jpg,candy pieces,11,"(10, 13]",3,fsc,3697
fsc_3700.jpg,spring rolls,20,"(19, 22]",6,fsc,3700
fsc_3745.jpg,pearls,21,"(19, 22]",6,fsc,3745
fsc_3751.jpg,pearls,66,"(64, 67]",21,fsc,3751
fsc_3756.jpg,pearls,50,"(49, 52]",16,fsc,3756
fsc_3787.jpg,beans,74,"(73, 76]",24,fsc,3787
fsc_3793.jpg,beans,11,"(10, 13]",3,fsc,3793
fsc_3797.jpg,beans,28,"(25, 28]",8,fsc,3797
fsc_3798.jpg,beans,54,"(52, 55]",17,fsc,3798
fsc_3799.jpg,beans,49,"(46, 49]",15,fsc,3799
fsc_3803.jpg,crayons,8,"(7, 10]",2,fsc,3803
fsc_3806.jpg,crayons,23,"(22, 25]",7,fsc,3806
fsc_3808.jpg,crayons,64,"(61, 64]",20,fsc,3808
fsc_3811.jpg,cupcakes,45,"(43, 46]",14,fsc,3811
fsc_3816.jpg,cupcakes,24,"(22, 25]",7,fsc,3816
fsc_3827.jpg,cupcakes,51,"(49, 52]",16,fsc,3827
fsc_3829.jpg,cupcakes,77,"(76, 79]",25,fsc,3829
fsc_3841.jpg,steps,13,"(10, 13]",3,fsc,3841
fsc_3842.jpg,steps,64,"(61, 64]",20,fsc,3842
fsc_3844.jpg,steps,22,"(19, 22]",6,fsc,3844
fsc_3854.jpg,steps,40,"(37, 40]",12,fsc,3854
fsc_3861.jpg,steps,17,"(16, 19]",5,fsc,3861
fsc_3870.jpg,shallots,17,"(16, 19]",5,fsc,3870
fsc_3873.jpg,shallots,7,"(4, 7]",1,fsc,3873
fsc_3878.jpg,beads,7,"(4, 7]",1,fsc,3878
fsc_3881.jpg,beads,23,"(22, 25]",7,fsc,3881
fsc_3891.jpg,beads,58,"(55, 58]",18,fsc,3891
fsc_3899.jpg,beads,100,"(97, 100]",32,fsc,3899
fsc_3900.jpg,beads,42,"(40, 43]",13,fsc,3900
fsc_3901.jpg,beads,49,"(46, 49]",15,fsc,3901
fsc_3905.jpg,potatoes,72,"(70, 73]",23,fsc,3905
fsc_3906.jpg,potatoes,24,"(22, 25]",7,fsc,3906
fsc_3913.jpg,potatoes,27,"(25, 28]",8,fsc,3913
fsc_3916.jpg,potatoes,29,"(28, 31]",9,fsc,3916
fsc_3917.jpg,potatoes,58,"(55, 58]",18,fsc,3917
fsc_3921.jpg,potatoes,75,"(73, 76]",24,fsc,3921
fsc_3924.jpg,potatoes,79,"(76, 79]",25,fsc,3924
fsc_3927.jpg,potatoes,53,"(52, 55]",17,fsc,3927
fsc_3938.jpg,potatoes,17,"(16, 19]",5,fsc,3938
fsc_3943.jpg,candles,72,"(70, 73]",23,fsc,3943
fsc_3948.jpg,candles,39,"(37, 40]",12,fsc,3948
fsc_3955.jpg,candles,60,"(58, 61]",19,fsc,3955
fsc_3958.jpg,candles,32,"(31, 34]",10,fsc,3958
fsc_3969.jpg,candles,23,"(22, 25]",7,fsc,3969
fsc_3971.jpg,candles,42,"(40, 43]",13,fsc,3971
fsc_3972.jpg,candles,52,"(49, 52]",16,fsc,3972
fsc_3975.jpg,candles,55,"(52, 55]",17,fsc,3975
fsc_3982.jpg,screws,100,"(97, 100]",32,fsc,3982
fsc_3986.jpg,goldfish crackers,88,"(85, 88]",28,fsc,3986
fsc_3991.jpg,goldfish crackers,25,"(22, 25]",7,fsc,3991
fsc_3998.jpg,beads,85,"(82, 85]",27,fsc,3998
fsc_4010.jpg,beads,86,"(85, 88]",28,fsc,4010
fsc_4029.jpg,beads,95,"(94, 97]",31,fsc,4029
fsc_4038.jpg,beads,97,"(94, 97]",31,fsc,4038
fsc_4047.jpg,beads,80,"(79, 82]",26,fsc,4047
fsc_4057.jpg,matches,10,"(7, 10]",2,fsc,4057
fsc_4058.jpg,matches,60,"(58, 61]",19,fsc,4058
fsc_4061.jpg,marbles,95,"(94, 97]",31,fsc,4061
fsc_4070.jpg,marbles,76,"(73, 76]",24,fsc,4070
fsc_4080.jpg,marbles,54,"(52, 55]",17,fsc,4080
fsc_4083.jpg,marbles,94,"(91, 94]",30,fsc,4083
fsc_4085.jpg,marbles,86,"(85, 88]",28,fsc,4085
fsc_4092.jpg,bullets,19,"(16, 19]",5,fsc,4092
fsc_4093.jpg,bullets,8,"(7, 10]",2,fsc,4093
fsc_4095.jpg,bullets,11,"(10, 13]",3,fsc,4095
fsc_4100.jpg,rice bags,50,"(49, 52]",16,fsc,4100
fsc_4104.jpg,oysters,44,"(43, 46]",14,fsc,4104
fsc_4107.jpg,oysters,9,"(7, 10]",2,fsc,4107
fsc_4125.jpg,tiles,69,"(67, 70]",22,fsc,4125
fsc_4129.jpg,tiles,75,"(73, 76]",24,fsc,4129
fsc_4136.jpg,tiles,36,"(34, 37]",11,fsc,4136
fsc_4146.jpg,macarons,86,"(85, 88]",28,fsc,4146
fsc_4153.jpg,macarons,16,"(13, 16]",4,fsc,4153
fsc_4156.jpg,macarons,32,"(31, 34]",10,fsc,4156
fsc_4167.jpg,sausages,10,"(7, 10]",2,fsc,4167
fsc_4168.jpg,sausages,25,"(22, 25]",7,fsc,4168
fsc_4178.jpg,calamari rings,9,"(7, 10]",2,fsc,4178
fsc_4190.jpg,biscuits,9,"(7, 10]",2,fsc,4190
fsc_42.jpg,tomatoes,68,"(67, 70]",22,fsc,42
fsc_4200.jpg,biscuits,34,"(31, 34]",10,fsc,4200
fsc_4212.jpg,biscuits,24,"(22, 25]",7,fsc,4212
fsc_4228.jpg,croissants,33,"(31, 34]",10,fsc,4228
fsc_4283.jpg,peas,65,"(64, 67]",21,fsc,4283
fsc_4284.jpg,peas,91,"(88, 91]",29,fsc,4284
fsc_4287.jpg,peas,27,"(25, 28]",8,fsc,4287
fsc_4290.jpg,peas,25,"(22, 25]",7,fsc,4290
fsc_4296.jpg,peas,32,"(31, 34]",10,fsc,4296
fsc_4300.jpg,peas,83,"(82, 85]",27,fsc,4300
fsc_4301.jpg,peas,44,"(43, 46]",14,fsc,4301
fsc_4305.jpg,peas,77,"(76, 79]",25,fsc,4305
fsc_4307.jpg,shells,49,"(46, 49]",15,fsc,4307
fsc_4308.jpg,shells,12,"(10, 13]",3,fsc,4308
fsc_4310.jpg,shells,23,"(22, 25]",7,fsc,4310
fsc_4313.jpg,shells,51,"(49, 52]",16,fsc,4313
fsc_4317.jpg,birds,88,"(85, 88]",28,fsc,4317
fsc_4370.jpg,birds,46,"(43, 46]",14,fsc,4370
fsc_4407.jpg,hot-air balloons,69,"(67, 70]",22,fsc,4407
fsc_441.jpg,birds,37,"(34, 37]",11,fsc,441
fsc_4417.jpg,hot-air balloons,63,"(61, 64]",20,fsc,4417
fsc_4418.jpg,hot-air balloons,30,"(28, 31]",9,fsc,4418
fsc_4426.jpg,peppers,14,"(13, 16]",4,fsc,4426
fsc_4432.jpg,peppers,47,"(46, 49]",15,fsc,4432
fsc_4438.jpg,tomatoes,76,"(73, 76]",24,fsc,4438
fsc_4452.jpg,tomatoes,49,"(46, 49]",15,fsc,4452
fsc_4472.jpg,tomatoes,89,"(88, 91]",29,fsc,4472
fsc_4474.jpg,tomatoes,77,"(76, 79]",25,fsc,4474
fsc_4485.jpg,tomatoes,16,"(13, 16]",4,fsc,4485
fsc_4487.jpg,tomatoes,62,"(61, 64]",20,fsc,4487
fsc_4493.jpg,skis,18,"(16, 19]",5,fsc,4493
fsc_4494.jpg,skis,26,"(25, 28]",8,fsc,4494
fsc_4497.jpg,skis,14,"(13, 16]",4,fsc,4497
fsc_4502.jpg,skis,21,"(19, 22]",6,fsc,4502
fsc_4504.jpg,goats,89,"(88, 91]",29,fsc,4504
fsc_4508.jpg,swans,15,"(13, 16]",4,fsc,4508
fsc_4518.jpg,bananas,30,"(28, 31]",9,fsc,4518
fsc_4520.jpg,bananas,89,"(88, 91]",29,fsc,4520
fsc_4521.jpg,bananas,20,"(19, 22]",6,fsc,4521
fsc_4522.jpg,bananas,88,"(85, 88]",28,fsc,4522
fsc_4526.jpg,bananas,53,"(52, 55]",17,fsc,4526
fsc_4554.jpg,birds,65,"(64, 67]",21,fsc,4554
fsc_4581.jpg,birds,42,"(40, 43]",13,fsc,4581
fsc_4585.jpg,kiwis,12,"(10, 13]",3,fsc,4585
fsc_4594.jpg,kiwis,34,"(31, 34]",10,fsc,4594
fsc_4597.jpg,kiwis,64,"(61, 64]",20,fsc,4597
fsc_4600.jpg,kiwis,41,"(40, 43]",13,fsc,4600
fsc_4602.jpg,kiwis,54,"(52, 55]",17,fsc,4602
fsc_4604.jpg,kiwis,87,"(85, 88]",28,fsc,4604
fsc_4611.jpg,kiwis,51,"(49, 52]",16,fsc,4611
fsc_4618.jpg,birds,27,"(25, 28]",8,fsc,4618
fsc_4627.jpg,birds,76,"(73, 76]",24,fsc,4627
fsc_4689.jpg,birds,71,"(70, 73]",23,fsc,4689
fsc_4738.jpg,peaches,23,"(22, 25]",7,fsc,4738
fsc_4743.jpg,peaches,8,"(7, 10]",2,fsc,4743
fsc_4744.jpg,peaches,41,"(40, 43]",13,fsc,4744
fsc_4747.jpg,peaches,55,"(52, 55]",17,fsc,4747
fsc_4756.jpg,peaches,14,"(13, 16]",4,fsc,4756
fsc_4767.jpg,balls,62,"(61, 64]",20,fsc,4767
fsc_4768.jpg,balls,99,"(97, 100]",32,fsc,4768
fsc_4769.jpg,balls,51,"(49, 52]",16,fsc,4769
fsc_4770.jpg,balls,40,"(37, 40]",12,fsc,4770
fsc_4772.jpg,balls,16,"(13, 16]",4,fsc,4772
fsc_4779.jpg,balls,92,"(91, 94]",30,fsc,4779
fsc_4787.jpg,balls,57,"(55, 58]",18,fsc,4787
fsc_4793.jpg,balls,44,"(43, 46]",14,fsc,4793
fsc_4797.jpg,grapes,80,"(79, 82]",26,fsc,4797
fsc_48.jpg,tomatoes,75,"(73, 76]",24,fsc,48
fsc_4805.jpg,grapes,73,"(70, 73]",23,fsc,4805
fsc_4817.jpg,grapes,57,"(55, 58]",18,fsc,4817
fsc_4821.jpg,grapes,90,"(88, 91]",29,fsc,4821
fsc_4824.jpg,grapes,49,"(46, 49]",15,fsc,4824
fsc_4830.jpg,grapes,90,"(88, 91]",29,fsc,4830
fsc_4833.jpg,grapes,98,"(97, 100]",32,fsc,4833
fsc_4845.jpg,grapes,21,"(19, 22]",6,fsc,4845
fsc_4847.jpg,grapes,61,"(58, 61]",19,fsc,4847
fsc_4852.jpg,grapes,31,"(28, 31]",9,fsc,4852
fsc_4856.jpg,watermelon,15,"(13, 16]",4,fsc,4856
fsc_4859.jpg,watermelon,35,"(34, 37]",11,fsc,4859
fsc_4862.jpg,penguins,84,"(82, 85]",27,fsc,4862
fsc_4864.jpg,penguins,10,"(7, 10]",2,fsc,4864
fsc_4867.jpg,penguins,17,"(16, 19]",5,fsc,4867
fsc_4871.jpg,penguins,21,"(19, 22]",6,fsc,4871
fsc_4874.jpg,strawberries,68,"(67, 70]",22,fsc,4874
fsc_4896.jpg,strawberries,83,"(82, 85]",27,fsc,4896
fsc_4912.jpg,strawberries,39,"(37, 40]",12,fsc,4912
fsc_4915.jpg,strawberries,87,"(85, 88]",28,fsc,4915
fsc_4916.jpg,strawberries,91,"(88, 91]",29,fsc,4916
fsc_4918.jpg,strawberries,95,"(94, 97]",31,fsc,4918
fsc_4919.jpg,strawberries,31,"(28, 31]",9,fsc,4919
fsc_4927.jpg,strawberries,63,"(61, 64]",20,fsc,4927
fsc_4930.jpg,strawberries,74,"(73, 76]",24,fsc,4930
fsc_4939.jpg,logs,20,"(19, 22]",6,fsc,4939
fsc_4940.jpg,logs,31,"(28, 31]",9,fsc,4940
fsc_4943.jpg,logs,65,"(64, 67]",21,fsc,4943
fsc_4944.jpg,logs,49,"(46, 49]",15,fsc,4944
fsc_4946.jpg,logs,71,"(70, 73]",23,fsc,4946
fsc_4948.jpg,logs,18,"(16, 19]",5,fsc,4948
fsc_4949.jpg,logs,95,"(94, 97]",31,fsc,4949
fsc_4950.jpg,logs,33,"(31, 34]",10,fsc,4950
fsc_4957.jpg,logs,93,"(91, 94]",30,fsc,4957
fsc_4965.jpg,logs,15,"(13, 16]",4,fsc,4965
fsc_4966.jpg,logs,46,"(43, 46]",14,fsc,4966
fsc_4976.jpg,birds,79,"(76, 79]",25,fsc,4976
fsc_5013.jpg,birds,11,"(10, 13]",3,fsc,5013
fsc_5014.jpg,birds,81,"(79, 82]",26,fsc,5014
fsc_5039.jpg,nuts,34,"(31, 34]",10,fsc,5039
fsc_5077.jpg,chicken wings,52,"(49, 52]",16,fsc,5077
fsc_5120.jpg,coffee beans,92,"(91, 94]",30,fsc,5120
fsc_5121.jpg,coffee beans,9,"(7, 10]",2,fsc,5121
fsc_5135.jpg,gemstones,15,"(13, 16]",4,fsc,5135
fsc_5143.jpg,nuts,63,"(61, 64]",20,fsc,5143
fsc_5150.jpg,toilet paper rolls,57,"(55, 58]",18,fsc,5150
fsc_5177.jpg,pearls,85,"(82, 85]",27,fsc,5177
fsc_5179.jpg,pearls,54,"(52, 55]",17,fsc,5179
fsc_5181.jpg,pearls,60,"(58, 61]",19,fsc,5181
fsc_5182.jpg,pearls,41,"(40, 43]",13,fsc,5182
fsc_5187.jpg,pearls,27,"(25, 28]",8,fsc,5187
fsc_5198.jpg,pearls,38,"(37, 40]",12,fsc,5198
fsc_5227.jpg,donuts,54,"(52, 55]",17,fsc,5227
fsc_5231.jpg,beans,43,"(40, 43]",13,fsc,5231
fsc_5238.jpg,cupcakes,8,"(7, 10]",2,fsc,5238
fsc_5241.jpg,cupcakes,35,"(34, 37]",11,fsc,5241
fsc_5250.jpg,cupcakes,12,"(10, 13]",3,fsc,5250
fsc_5259.jpg,cupcakes,48,"(46, 49]",15,fsc,5259
fsc_5261.jpg,cupcakes,31,"(28, 31]",9,fsc,5261
fsc_5285.jpg,beads,76,"(73, 76]",24,fsc,5285
fsc_5298.jpg,potatoes,12,"(10, 13]",3,fsc,5298
fsc_5315.jpg,candles,31,"(28, 31]",9,fsc,5315
fsc_5316.jpg,candles,80,"(79, 82]",26,fsc,5316
fsc_5323.jpg,candles,47,"(46, 49]",15,fsc,5323
fsc_5363.jpg,marbles,35,"(34, 37]",11,fsc,5363
fsc_5366.jpg,marbles,57,"(55, 58]",18,fsc,5366
fsc_5371.jpg,marbles,44,"(43, 46]",14,fsc,5371
fsc_5394.jpg,tiles,18,"(16, 19]",5,fsc,5394
fsc_54.jpg,tomatoes,91,"(88, 91]",29,fsc,54
fsc_5401.jpg,macarons,26,"(25, 28]",8,fsc,5401
fsc_5406.jpg,macarons,10,"(7, 10]",2,fsc,5406
fsc_5418.jpg,biscuits,7,"(4, 7]",1,fsc,5418
fsc_5425.jpg,biscuits,12,"(10, 13]",3,fsc,5425
fsc_5435.jpg,biscuits,39,"(37, 40]",12,fsc,5435
fsc_5438.jpg,biscuits,45,"(43, 46]",14,fsc,5438
fsc_5464.jpg,peas,54,"(52, 55]",17,fsc,5464
fsc_5487.jpg,nuts,74,"(73, 76]",24,fsc,5487
fsc_5489.jpg,nuts,99,"(97, 100]",32,fsc,5489
fsc_5491.jpg,nuts,26,"(25, 28]",8,fsc,5491
fsc_5494.jpg,nuts,38,"(37, 40]",12,fsc,5494
fsc_5496.jpg,nuts,43,"(40, 43]",13,fsc,5496
fsc_5500.jpg,nuts,72,"(70, 73]",23,fsc,5500
fsc_5505.jpg,peas,89,"(88, 91]",29,fsc,5505
fsc_5508.jpg,peas,84,"(82, 85]",27,fsc,5508
fsc_5511.jpg,peas,18,"(16, 19]",5,fsc,5511
fsc_5512.jpg,peas,72,"(70, 73]",23,fsc,5512
fsc_5513.jpg,peas,89,"(88, 91]",29,fsc,5513
fsc_5521.jpg,gemstones,13,"(10, 13]",3,fsc,5521
fsc_5524.jpg,gemstones,88,"(85, 88]",28,fsc,5524
fsc_5533.jpg,pearls,76,"(73, 76]",24,fsc,5533
fsc_5536.jpg,pearls,30,"(28, 31]",9,fsc,5536
fsc_5537.jpg,pearls,78,"(76, 79]",25,fsc,5537
fsc_5539.jpg,pearls,37,"(34, 37]",11,fsc,5539
fsc_5540.jpg,pearls,34,"(31, 34]",10,fsc,5540
fsc_5542.jpg,pearls,56,"(55, 58]",18,fsc,5542
fsc_5546.jpg,beans,79,"(76, 79]",25,fsc,5546
fsc_5554.jpg,beans,95,"(94, 97]",31,fsc,5554
fsc_5557.jpg,beans,57,"(55, 58]",18,fsc,5557
fsc_5559.jpg,beans,45,"(43, 46]",14,fsc,5559
fsc_5574.jpg,marbles,90,"(88, 91]",29,fsc,5574
fsc_5576.jpg,marbles,67,"(64, 67]",21,fsc,5576
fsc_5577.jpg,marbles,51,"(49, 52]",16,fsc,5577
fsc_5590.jpg,marbles,17,"(16, 19]",5,fsc,5590
fsc_5592.jpg,marbles,93,"(91, 94]",30,fsc,5592
fsc_5596.jpg,marbles,40,"(37, 40]",12,fsc,5596
fsc_5605.jpg,macarons,54,"(52, 55]",17,fsc,5605
fsc_5614.jpg,macarons,41,"(40, 43]",13,fsc,5614
fsc_5641.jpg,beads,67,"(64, 67]",21,fsc,5641
fsc_5665.jpg,donuts,16,"(13, 16]",4,fsc,5665
fsc_5672.jpg,donuts,12,"(10, 13]",3,fsc,5672
fsc_5675.jpg,coffee beans,91,"(88, 91]",29,fsc,5675
fsc_5676.jpg,coffee beans,72,"(70, 73]",23,fsc,5676
fsc_5677.jpg,coffee beans,35,"(34, 37]",11,fsc,5677
fsc_5678.jpg,coffee beans,56,"(55, 58]",18,fsc,5678
fsc_5682.jpg,coffee beans,77,"(76, 79]",25,fsc,5682
fsc_5687.jpg,potatoes,41,"(40, 43]",13,fsc,5687
fsc_5690.jpg,potatoes,80,"(79, 82]",26,fsc,5690
fsc_5693.jpg,potatoes,40,"(37, 40]",12,fsc,5693
fsc_5699.jpg,potatoes,69,"(67, 70]",22,fsc,5699
fsc_5702.jpg,potatoes,87,"(85, 88]",28,fsc,5702
fsc_5705.jpg,bread rolls,10,"(7, 10]",2,fsc,5705
fsc_5753.jpg,beads,95,"(94, 97]",31,fsc,5753
fsc_5758.jpg,beads,82,"(79, 82]",26,fsc,5758
fsc_5792.jpg,nuts,21,"(19, 22]",6,fsc,5792
fsc_5795.jpg,nuts,84,"(82, 85]",27,fsc,5795
fsc_5796.jpg,nuts,71,"(70, 73]",23,fsc,5796
fsc_5810.jpg,strawberries,90,"(88, 91]",29,fsc,5810
fsc_5811.jpg,strawberries,37,"(34, 37]",11,fsc,5811
fsc_5821.jpg,strawberries,96,"(94, 97]",31,fsc,5821
fsc_5823.jpg,strawberries,69,"(67, 70]",22,fsc,5823
fsc_5826.jpg,strawberries,47,"(46, 49]",15,fsc,5826
fsc_5833.jpg,strawberries,92,"(91, 94]",30,fsc,5833
fsc_5835.jpg,strawberries,79,"(76, 79]",25,fsc,5835
fsc_5837.jpg,strawberries,18,"(16, 19]",5,fsc,5837
fsc_5842.jpg,strawberries,52,"(49, 52]",16,fsc,5842
fsc_5844.jpg,strawberries,75,"(73, 76]",24,fsc,5844
fsc_5845.jpg,strawberries,57,"(55, 58]",18,fsc,5845
fsc_5852.jpg,strawberries,42,"(40, 43]",13,fsc,5852
fsc_5853.jpg,strawberries,95,"(94, 97]",31,fsc,5853
fsc_5856.jpg,strawberries,78,"(76, 79]",25,fsc,5856
fsc_5864.jpg,grapes,81,"(79, 82]",26,fsc,5864
fsc_5867.jpg,grapes,83,"(82, 85]",27,fsc,5867
fsc_5868.jpg,grapes,54,"(52, 55]",17,fsc,5868
fsc_5875.jpg,grapes,74,"(73, 76]",24,fsc,5875
fsc_5888.jpg,grapes,84,"(82, 85]",27,fsc,5888
fsc_5893.jpg,grapes,73,"(70, 73]",23,fsc,5893
fsc_5894.jpg,grapes,62,"(61, 64]",20,fsc,5894
fsc_5895.jpg,grapes,43,"(40, 43]",13,fsc,5895
fsc_5899.jpg,grapes,99,"(97, 100]",32,fsc,5899
fsc_5918.jpg,eggs,12,"(10, 13]",3,fsc,5918
fsc_5925.jpg,eggs,22,"(19, 22]",6,fsc,5925
fsc_5928.jpg,eggs,58,"(55, 58]",18,fsc,5928
fsc_5930.jpg,eggs,14,"(13, 16]",4,fsc,5930
fsc_5936.jpg,eggs,18,"(16, 19]",5,fsc,5936
fsc_5942.jpg,eggs,10,"(7, 10]",2,fsc,5942
fsc_5943.jpg,eggs,48,"(46, 49]",15,fsc,5943
fsc_5945.jpg,boats,31,"(28, 31]",9,fsc,5945
fsc_5946.jpg,boats,39,"(37, 40]",12,fsc,5946
fsc_5948.jpg,chairs,55,"(52, 55]",17,fsc,5948
fsc_595.jpg,birds,9,"(7, 10]",2,fsc,595
fsc_5953.jpg,birds,21,"(19, 22]",6,fsc,5953
fsc_5965.jpg,birds,92,"(91, 94]",30,fsc,5965
fsc_5972.jpg,bread rolls,20,"(19, 22]",6,fsc,5972
fsc_6000.jpg,cans,42,"(40, 43]",13,fsc,6000
fsc_604.jpg,birds,39,"(37, 40]",12,fsc,604
fsc_6075.jpg,birds,98,"(97, 100]",32,fsc,6075
fsc_6109.jpg,chicken wings,32,"(31, 34]",10,fsc,6109
fsc_6111.jpg,chicken wings,46,"(43, 46]",14,fsc,6111
fsc_6119.jpg,chicken wings,14,"(13, 16]",4,fsc,6119
fsc_6124.jpg,cars,73,"(70, 73]",23,fsc,6124
fsc_6126.jpg,cars,31,"(28, 31]",9,fsc,6126
fsc_6139.jpg,cars,63,"(61, 64]",20,fsc,6139
fsc_6142.jpg,birds,74,"(73, 76]",24,fsc,6142
fsc_6145.jpg,birds,89,"(88, 91]",29,fsc,6145
fsc_6147.jpg,birds,89,"(88, 91]",29,fsc,6147
fsc_6150.jpg,birds,58,"(55, 58]",18,fsc,6150
fsc_6152.jpg,tomatoes,91,"(88, 91]",29,fsc,6152
fsc_6157.jpg,tomatoes,43,"(40, 43]",13,fsc,6157
fsc_6162.jpg,tomatoes,81,"(79, 82]",26,fsc,6162
fsc_6169.jpg,tomatoes,46,"(43, 46]",14,fsc,6169
fsc_6183.jpg,tomatoes,83,"(82, 85]",27,fsc,6183
fsc_6184.jpg,tomatoes,57,"(55, 58]",18,fsc,6184
fsc_6192.jpg,tomatoes,81,"(79, 82]",26,fsc,6192
fsc_6195.jpg,tomatoes,38,"(37, 40]",12,fsc,6195
fsc_6205.jpg,coins,50,"(49, 52]",16,fsc,6205
fsc_6207.jpg,coins,68,"(67, 70]",22,fsc,6207
fsc_6208.jpg,coins,97,"(94, 97]",31,fsc,6208
fsc_6214.jpg,coins,44,"(43, 46]",14,fsc,6214
fsc_6218.jpg,coins,80,"(79, 82]",26,fsc,6218
fsc_6220.jpg,coins,60,"(58, 61]",19,fsc,6220
fsc_6223.jpg,coins,98,"(97, 100]",32,fsc,6223
fsc_6225.jpg,coins,72,"(70, 73]",23,fsc,6225
fsc_6227.jpg,coins,63,"(61, 64]",20,fsc,6227
fsc_6232.jpg,coins,93,"(91, 94]",30,fsc,6232
fsc_6233.jpg,coins,27,"(25, 28]",8,fsc,6233
fsc_6234.jpg,coins,32,"(31, 34]",10,fsc,6234
fsc_6235.jpg,coins,72,"(70, 73]",23,fsc,6235
fsc_6240.jpg,apples,34,"(31, 34]",10,fsc,6240
fsc_6242.jpg,apples,73,"(70, 73]",23,fsc,6242
fsc_6256.jpg,apples,41,"(40, 43]",13,fsc,6256
fsc_6259.jpg,apples,74,"(73, 76]",24,fsc,6259
fsc_6265.jpg,apples,90,"(88, 91]",29,fsc,6265
fsc_6267.jpg,apples,95,"(94, 97]",31,fsc,6267
fsc_6270.jpg,apples,92,"(91, 94]",30,fsc,6270
fsc_6279.jpg,apples,10,"(7, 10]",2,fsc,6279
fsc_6282.jpg,apples,66,"(64, 67]",21,fsc,6282
fsc_6286.jpg,pills,49,"(46, 49]",15,fsc,6286
fsc_6289.jpg,pills,16,"(13, 16]",4,fsc,6289
fsc_6294.jpg,pills,50,"(49, 52]",16,fsc,6294
fsc_6295.jpg,pills,70,"(67, 70]",22,fsc,6295
fsc_6299.jpg,pills,28,"(25, 28]",8,fsc,6299
fsc_6302.jpg,pills,58,"(55, 58]",18,fsc,6302
fsc_6316.jpg,tiles,50,"(49, 52]",16,fsc,6316
fsc_6317.jpg,tiles,58,"(55, 58]",18,fsc,6317
fsc_6320.jpg,tiles,31,"(28, 31]",9,fsc,6320
fsc_6326.jpg,tiles,86,"(85, 88]",28,fsc,6326
fsc_6339.jpg,biscuits,36,"(34, 37]",11,fsc,6339
fsc_6344.jpg,biscuits,29,"(28, 31]",9,fsc,6344
fsc_6351.jpg,shoes,27,"(25, 28]",8,fsc,6351
fsc_6352.jpg,shoes,18,"(16, 19]",5,fsc,6352
fsc_6356.jpg,shoes,85,"(82, 85]",27,fsc,6356
fsc_6364.jpg,shoes,36,"(34, 37]",11,fsc,6364
fsc_6366.jpg,shoes,84,"(82, 85]",27,fsc,6366
fsc_6370.jpg,shoes,10,"(7, 10]",2,fsc,6370
fsc_6392.jpg,beads,44,"(43, 46]",14,fsc,6392
fsc_6394.jpg,beads,100,"(97, 100]",32,fsc,6394
fsc_6417.jpg,beads,81,"(79, 82]",26,fsc,6417
fsc_6423.jpg,beads,91,"(88, 91]",29,fsc,6423
fsc_6432.jpg,beads,72,"(70, 73]",23,fsc,6432
fsc_6440.jpg,beads,96,"(94, 97]",31,fsc,6440
fsc_645.jpg,birds,95,"(94, 97]",31,fsc,645
fsc_6458.jpg,beads,74,"(73, 76]",24,fsc,6458
fsc_6459.jpg,beads,89,"(88, 91]",29,fsc,6459
fsc_6471.jpg,beads,94,"(91, 94]",30,fsc,6471
fsc_6475.jpg,beads,84,"(82, 85]",27,fsc,6475
fsc_6478.jpg,beads,93,"(91, 94]",30,fsc,6478
fsc_6481.jpg,beads,78,"(76, 79]",25,fsc,6481
fsc_6488.jpg,beads,95,"(94, 97]",31,fsc,6488
fsc_6493.jpg,beads,77,"(76, 79]",25,fsc,6493
fsc_651.jpg,birds,71,"(70, 73]",23,fsc,651
fsc_6511.jpg,beads,33,"(31, 34]",10,fsc,6511
fsc_6516.jpg,beads,92,"(91, 94]",30,fsc,6516
fsc_6547.jpg,glasses,72,"(70, 73]",23,fsc,6547
fsc_6558.jpg,birds,69,"(67, 70]",22,fsc,6558
fsc_6566.jpg,birds,32,"(31, 34]",10,fsc,6566
fsc_6585.jpg,oranges,77,"(76, 79]",25,fsc,6585
fsc_6625.jpg,pens,59,"(58, 61]",19,fsc,6625
fsc_6627.jpg,pens,64,"(61, 64]",20,fsc,6627
fsc_6639.jpg,birds,53,"(52, 55]",17,fsc,6639
fsc_6643.jpg,markers,35,"(34, 37]",11,fsc,6643
fsc_6651.jpg,markers,19,"(16, 19]",5,fsc,6651
fsc_6654.jpg,markers,41,"(40, 43]",13,fsc,6654
fsc_6656.jpg,markers,100,"(97, 100]",32,fsc,6656
fsc_6660.jpg,markers,10,"(7, 10]",2,fsc,6660
fsc_6676.jpg,birds,62,"(61, 64]",20,fsc,6676
fsc_669.jpg,birds,92,"(91, 94]",30,fsc,669
fsc_6702.jpg,birds,23,"(22, 25]",7,fsc,6702
fsc_6711.jpg,markers,72,"(70, 73]",23,fsc,6711
fsc_6712.jpg,pencils,36,"(34, 37]",11,fsc,6712
fsc_6718.jpg,coins,82,"(79, 82]",26,fsc,6718
fsc_6719.jpg,cans,50,"(49, 52]",16,fsc,6719
fsc_6720.jpg,caps,20,"(19, 22]",6,fsc,6720
fsc_6724.jpg,bowls,59,"(58, 61]",19,fsc,6724
fsc_6725.jpg,flowers,20,"(19, 22]",6,fsc,6725
fsc_6730.jpg,bottles,77,"(76, 79]",25,fsc,6730
fsc_6734.jpg,pens,38,"(37, 40]",12,fsc,6734
fsc_6736.jpg,comic books,98,"(97, 100]",32,fsc,6736
fsc_6741.jpg,shirts,22,"(19, 22]",6,fsc,6741
fsc_6752.jpg,buffaloes,53,"(52, 55]",17,fsc,6752
fsc_6761.jpg,cans,75,"(73, 76]",24,fsc,6761
fsc_6768.jpg,cups,52,"(49, 52]",16,fsc,6768
fsc_6774.jpg,fish,73,"(70, 73]",23,fsc,6774
fsc_6782.jpg,pills,17,"(16, 19]",5,fsc,6782
fsc_6783.jpg,birds,17,"(16, 19]",5,fsc,6783
fsc_6784.jpg,books,52,"(49, 52]",16,fsc,6784
fsc_6785.jpg,glasses,45,"(43, 46]",14,fsc,6785
fsc_6791.jpg,coins,66,"(64, 67]",21,fsc,6791
fsc_6792.jpg,biscuits,42,"(40, 43]",13,fsc,6792
fsc_6793.jpg,caps,62,"(61, 64]",20,fsc,6793
fsc_6795.jpg,coins,99,"(97, 100]",32,fsc,6795
fsc_6802.jpg,boxes,95,"(94, 97]",31,fsc,6802
fsc_6821.jpg,boxes,42,"(40, 43]",13,fsc,6821
fsc_6824.jpg,cups,33,"(31, 34]",10,fsc,6824
fsc_6830.jpg,caps,96,"(94, 97]",31,fsc,6830
fsc_6831.jpg,buffaloes,27,"(25, 28]",8,fsc,6831
fsc_6837.jpg,boats,87,"(85, 88]",28,fsc,6837
fsc_6839.jpg,watches,58,"(55, 58]",18,fsc,6839
fsc_6847.jpg,sheep,67,"(64, 67]",21,fsc,6847
fsc_685.jpg,apples,86,"(85, 88]",28,fsc,685
fsc_6852.jpg,eggs,68,"(67, 70]",22,fsc,6852
fsc_6854.jpg,plates,8,"(7, 10]",2,fsc,6854
fsc_6856.jpg,lego pieces,15,"(13, 16]",4,fsc,6856
fsc_6857.jpg,sticky notes,93,"(91, 94]",30,fsc,6857
fsc_6858.jpg,pills,93,"(91, 94]",30,fsc,6858
fsc_6883.jpg,oranges,70,"(67, 70]",22,fsc,6883
fsc_6884.jpg,cups,70,"(67, 70]",22,fsc,6884
fsc_6886.jpg,birds,84,"(82, 85]",27,fsc,6886
fsc_6889.jpg,windows,87,"(85, 88]",28,fsc,6889
fsc_689.jpg,apples,63,"(61, 64]",20,fsc,689
fsc_6891.jpg,boxes,30,"(28, 31]",9,fsc,6891
fsc_6893.jpg,sheep,81,"(79, 82]",26,fsc,6893
fsc_6895.jpg,cement bags,31,"(28, 31]",9,fsc,6895
fsc_69.jpg,tomatoes,22,"(19, 22]",6,fsc,69
fsc_6902.jpg,cars,40,"(37, 40]",12,fsc,6902
fsc_6907.jpg,caps,53,"(52, 55]",17,fsc,6907
fsc_6908.jpg,lego pieces,85,"(82, 85]",27,fsc,6908
fsc_6909.jpg,pencils,72,"(70, 73]",23,fsc,6909
fsc_6914.jpg,bottles,70,"(67, 70]",22,fsc,6914
fsc_6916.jpg,books,65,"(64, 67]",21,fsc,6916
fsc_6921.jpg,people,64,"(61, 64]",20,fsc,6921
fsc_6922.jpg,comic books,70,"(67, 70]",22,fsc,6922
fsc_6925.jpg,bottle caps,84,"(82, 85]",27,fsc,6925
fsc_6932.jpg,books,49,"(46, 49]",15,fsc,6932
fsc_6933.jpg,cups,19,"(16, 19]",5,fsc,6933
fsc_6934.jpg,caps,87,"(85, 88]",28,fsc,6934
fsc_6939.jpg,shirts,62,"(61, 64]",20,fsc,6939
fsc_6941.jpg,coins,93,"(91, 94]",30,fsc,6941
fsc_6947.jpg,straws,57,"(55, 58]",18,fsc,6947
fsc_6952.jpg,caps,85,"(82, 85]",27,fsc,6952
fsc_6953.jpg,fish,18,"(16, 19]",5,fsc,6953
fsc_6954.jpg,eggs,78,"(76, 79]",25,fsc,6954
fsc_6964.jpg,sticky notes,75,"(73, 76]",24,fsc,6964
fsc_6965.jpg,apples,70,"(67, 70]",22,fsc,6965
fsc_6980.jpg,elephants,38,"(37, 40]",12,fsc,6980
fsc_6983.jpg,pills,40,"(37, 40]",12,fsc,6983
fsc_6984.jpg,cement bags,89,"(88, 91]",29,fsc,6984
fsc_6987.jpg,straws,64,"(61, 64]",20,fsc,6987
fsc_6992.jpg,shoes,68,"(67, 70]",22,fsc,6992
fsc_6993.jpg,glasses,90,"(88, 91]",29,fsc,6993
fsc_6996.jpg,eggs,89,"(88, 91]",29,fsc,6996
fsc_6997.jpg,boats,78,"(76, 79]",25,fsc,6997
fsc_70.jpg,tomatoes,32,"(31, 34]",10,fsc,70
fsc_7000.jpg,comic books,65,"(64, 67]",21,fsc,7000
fsc_7002.jpg,books,100,"(97, 100]",32,fsc,7002
fsc_7014.jpg,cement bags,82,"(79, 82]",26,fsc,7014
fsc_7016.jpg,bottles,100,"(97, 100]",32,fsc,7016
fsc_7017.jpg,pencils,61,"(58, 61]",19,fsc,7017
fsc_7018.jpg,straws,94,"(91, 94]",30,fsc,7018
fsc_7025.jpg,bottles,42,"(40, 43]",13,fsc,7025
fsc_7026.jpg,oranges,96,"(94, 97]",31,fsc,7026
fsc_7027.jpg,apples,93,"(91, 94]",30,fsc,7027
fsc_7030.jpg,glasses,96,"(94, 97]",31,fsc,7030
fsc_7039.jpg,sticky notes,60,"(58, 61]",19,fsc,7039
fsc_704.jpg,apples,59,"(58, 61]",19,fsc,704
fsc_7047.jpg,sheep,54,"(52, 55]",17,fsc,7047
fsc_7049.jpg,birds,92,"(91, 94]",30,fsc,7049
fsc_7054.jpg,bottles,72,"(70, 73]",23,fsc,7054
fsc_7056.jpg,deer,77,"(76, 79]",25,fsc,7056
fsc_7059.jpg,tiles,99,"(97, 100]",32,fsc,7059
fsc_706.jpg,apples,90,"(88, 91]",29,fsc,706
fsc_7060.jpg,pills,65,"(64, 67]",21,fsc,7060
fsc_7067.jpg,sticky notes,53,"(52, 55]",17,fsc,7067
fsc_7070.jpg,boxes,39,"(37, 40]",12,fsc,7070
fsc_7071.jpg,bottles,44,"(43, 46]",14,fsc,7071
fsc_7073.jpg,buffaloes,40,"(37, 40]",12,fsc,7073
fsc_7080.jpg,comic books,25,"(22, 25]",7,fsc,7080
fsc_7081.jpg,chopsticks,36,"(34, 37]",11,fsc,7081
fsc_7087.jpg,cassettes,100,"(97, 100]",32,fsc,7087
fsc_7091.jpg,cars,46,"(43, 46]",14,fsc,7091
fsc_7095.jpg,bottles,50,"(49, 52]",16,fsc,7095
fsc_7098.jpg,comic books,49,"(46, 49]",15,fsc,7098
fsc_7103.jpg,cars,48,"(46, 49]",15,fsc,7103
fsc_7108.jpg,glasses,64,"(61, 64]",20,fsc,7108
fsc_7112.jpg,pencils,24,"(22, 25]",7,fsc,7112
fsc_7113.jpg,bowls,35,"(34, 37]",11,fsc,7113
fsc_7116.jpg,skateboards,78,"(76, 79]",25,fsc,7116
fsc_7119.jpg,shoes,59,"(58, 61]",19,fsc,7119
fsc_7123.jpg,sticky notes,29,"(28, 31]",9,fsc,7123
fsc_7126.jpg,comic books,45,"(43, 46]",14,fsc,7126
fsc_7137.jpg,cassettes,95,"(94, 97]",31,fsc,7137
fsc_7138.jpg,caps,46,"(43, 46]",14,fsc,7138
fsc_7139.jpg,cassettes,21,"(19, 22]",6,fsc,7139
fsc_714.jpg,apples,100,"(97, 100]",32,fsc,714
fsc_7144.jpg,apples,92,"(91, 94]",30,fsc,7144
fsc_7148.jpg,chairs,67,"(64, 67]",21,fsc,7148
fsc_7153.jpg,deer,18,"(16, 19]",5,fsc,7153
fsc_7156.jpg,caps,87,"(85, 88]",28,fsc,7156
fsc_7163.jpg,spoons,13,"(10, 13]",3,fsc,7163
fsc_7164.jpg,pills,83,"(82, 85]",27,fsc,7164
fsc_7166.jpg,caps,34,"(31, 34]",10,fsc,7166
fsc_7168.jpg,bricks,66,"(64, 67]",21,fsc,7168
fsc_7174.jpg,lego pieces,96,"(94, 97]",31,fsc,7174
fsc_7177.jpg,oranges,42,"(40, 43]",13,fsc,7177
fsc_7179.jpg,cups,40,"(37, 40]",12,fsc,7179
fsc_7180.jpg,boats,98,"(97, 100]",32,fsc,7180
fsc_7188.jpg,eggs,67,"(64, 67]",21,fsc,7188
fsc_7191.jpg,cassettes,43,"(40, 43]",13,fsc,7191
fsc_7197.jpg,chairs,79,"(76, 79]",25,fsc,7197
fsc_7200.jpg,sticky notes,56,"(55, 58]",18,fsc,7200
fsc_7203.jpg,cups,88,"(85, 88]",28,fsc,7203
fsc_7218.jpg,fish,33,"(31, 34]",10,fsc,7218
fsc_722.jpg,windows,75,"(73, 76]",24,fsc,722
fsc_7226.jpg,pills,74,"(73, 76]",24,fsc,7226
fsc_7231.jpg,bowls,24,"(22, 25]",7,fsc,7231
fsc_7236.jpg,cement bags,55,"(52, 55]",17,fsc,7236
fsc_724.jpg,windows,15,"(13, 16]",4,fsc,724
fsc_7249.jpg,pills,61,"(58, 61]",19,fsc,7249
fsc_7254.jpg,caps,14,"(13, 16]",4,fsc,7254
fsc_7256.jpg,pencils,40,"(37, 40]",12,fsc,7256
fsc_7257.jpg,chairs,33,"(31, 34]",10,fsc,7257
fsc_7264.jpg,straws,19,"(16, 19]",5,fsc,7264
fsc_7268.jpg,windows,36,"(34, 37]",11,fsc,7268
fsc_7269.jpg,chairs,73,"(70, 73]",23,fsc,7269
fsc_7270.jpg,people,50,"(49, 52]",16,fsc,7270
fsc_7277.jpg,eggs,26,"(25, 28]",8,fsc,7277
fsc_7281.jpg,sheep,75,"(73, 76]",24,fsc,7281
fsc_729.jpg,cassettes,40,"(37, 40]",12,fsc,729
fsc_7291.jpg,boxes,81,"(79, 82]",26,fsc,7291
fsc_7293.jpg,books,69,"(67, 70]",22,fsc,7293
fsc_7295.jpg,elephants,63,"(61, 64]",20,fsc,7295
fsc_730.jpg,cassettes,9,"(7, 10]",2,fsc,730
fsc_7303.jpg,zebras,51,"(49, 52]",16,fsc,7303
fsc_7306.jpg,cars,55,"(52, 55]",17,fsc,7306
fsc_7309.jpg,cassettes,47,"(46, 49]",15,fsc,7309
fsc_7313.jpg,shoes,73,"(70, 73]",23,fsc,7313
fsc_7314.jpg,skateboards,23,"(22, 25]",7,fsc,7314
fsc_7316.jpg,flower pots,68,"(67, 70]",22,fsc,7316
fsc_7320.jpg,cans,34,"(31, 34]",10,fsc,7320
fsc_7321.jpg,caps,95,"(94, 97]",31,fsc,7321
fsc_7322.jpg,bottles,76,"(73, 76]",24,fsc,7322
fsc_7323.jpg,coins,21,"(19, 22]",6,fsc,7323
fsc_7327.jpg,zebras,26,"(25, 28]",8,fsc,7327
fsc_7328.jpg,sheep,51,"(49, 52]",16,fsc,7328
fsc_733.jpg,cassettes,16,"(13, 16]",4,fsc,733
fsc_7335.jpg,shoes,77,"(76, 79]",25,fsc,7335
fsc_7336.jpg,cars,56,"(55, 58]",18,fsc,7336
fsc_7337.jpg,boxes of cereal,21,"(19, 22]",6,fsc,7337
fsc_7338.jpg,books,80,"(79, 82]",26,fsc,7338
fsc_734.jpg,ants,20,"(19, 22]",6,fsc,734
fsc_7340.jpg,fish,30,"(28, 31]",9,fsc,7340
fsc_7344.jpg,books,30,"(28, 31]",9,fsc,7344
fsc_7349.jpg,caps,75,"(73, 76]",24,fsc,7349
fsc_7359.jpg,comic books,42,"(40, 43]",13,fsc,7359
fsc_736.jpg,ants,44,"(43, 46]",14,fsc,736
fsc_7368.jpg,books,74,"(73, 76]",24,fsc,7368
fsc_7372.jpg,plates,62,"(61, 64]",20,fsc,7372
fsc_7373.jpg,people,40,"(37, 40]",12,fsc,7373
fsc_7374.jpg,spoons,36,"(34, 37]",11,fsc,7374
fsc_7377.jpg,boxes,68,"(67, 70]",22,fsc,7377
fsc_7381.jpg,markers,72,"(70, 73]",23,fsc,7381
fsc_7383.jpg,caps,60,"(58, 61]",19,fsc,7383
fsc_7394.jpg,plates,27,"(25, 28]",8,fsc,7394
fsc_7401.jpg,glasses,90,"(88, 91]",29,fsc,7401
fsc_7403.jpg,skateboards,14,"(13, 16]",4,fsc,7403
fsc_7404.jpg,bowls,13,"(10, 13]",3,fsc,7404
fsc_7406.jpg,cups,42,"(40, 43]",13,fsc,7406
fsc_7409.jpg,bottles,54,"(52, 55]",17,fsc,7409
fsc_7412.jpg,sheep,36,"(34, 37]",11,fsc,7412
fsc_7413.jpg,books,83,"(82, 85]",27,fsc,7413
fsc_7414.jpg,cups,30,"(28, 31]",9,fsc,7414
fsc_7416.jpg,buffaloes,33,"(31, 34]",10,fsc,7416
fsc_7420.jpg,deer,21,"(19, 22]",6,fsc,7420
fsc_7422.jpg,cars,87,"(85, 88]",28,fsc,7422
fsc_7427.jpg,cups,21,"(19, 22]",6,fsc,7427
fsc_7430.jpg,boxes,78,"(76, 79]",25,fsc,7430
fsc_7431.jpg,cassettes,78,"(76, 79]",25,fsc,7431
fsc_7435.jpg,ants,40,"(37, 40]",12,fsc,7435
fsc_7438.jpg,bottles,48,"(46, 49]",15,fsc,7438
fsc_7439.jpg,jeans,77,"(76, 79]",25,fsc,7439
fsc_7447.jpg,people,55,"(52, 55]",17,fsc,7447
fsc_7448.jpg,cups,72,"(70, 73]",23,fsc,7448
fsc_745.jpg,ants,60,"(58, 61]",19,fsc,745
fsc_7450.jpg,boxes,66,"(64, 67]",21,fsc,7450
fsc_7452.jpg,eggs,85,"(82, 85]",27,fsc,7452
fsc_7464.jpg,jeans,30,"(28, 31]",9,fsc,7464
fsc_7465.jpg,pencils,12,"(10, 13]",3,fsc,7465
fsc_7474.jpg,elephants,36,"(34, 37]",11,fsc,7474
fsc_7479.jpg,people,56,"(55, 58]",18,fsc,7479
fsc_7485.jpg,buffaloes,60,"(58, 61]",19,fsc,7485
fsc_7486.jpg,lego pieces,100,"(97, 100]",32,fsc,7486
fsc_7487.jpg,flower pots,18,"(16, 19]",5,fsc,7487
fsc_7492.jpg,coins,76,"(73, 76]",24,fsc,7492
fsc_7496.jpg,people,75,"(73, 76]",24,fsc,7496
fsc_7498.jpg,skateboards,53,"(52, 55]",17,fsc,7498
fsc_7507.jpg,skateboards,35,"(34, 37]",11,fsc,7507
fsc_7513.jpg,cassettes,34,"(31, 34]",10,fsc,7513
fsc_7515.jpg,cars,24,"(22, 25]",7,fsc,7515
fsc_7516.jpg,bowls,34,"(31, 34]",10,fsc,7516
fsc_7519.jpg,cars,50,"(49, 52]",16,fsc,7519
fsc_7523.jpg,sticky notes,94,"(91, 94]",30,fsc,7523
fsc_7528.jpg,jeans,35,"(34, 37]",11,fsc,7528
fsc_7531.jpg,horses,65,"(64, 67]",21,fsc,7531
fsc_7544.jpg,ants,67,"(64, 67]",21,fsc,7544
fsc_7546.jpg,boxes of cereal,28,"(25, 28]",8,fsc,7546
fsc_7549.jpg,flower pots,76,"(73, 76]",24,fsc,7549
fsc_7553.jpg,pencils,27,"(25, 28]",8,fsc,7553
fsc_7562.jpg,bottles,58,"(55, 58]",18,fsc,7562
fsc_7564.jpg,stamps,52,"(49, 52]",16,fsc,7564
fsc_7566.jpg,books,99,"(97, 100]",32,fsc,7566
fsc_7569.jpg,pencils,48,"(46, 49]",15,fsc,7569
fsc_7570.jpg,coins,92,"(91, 94]",30,fsc,7570
fsc_7571.jpg,caps,100,"(97, 100]",32,fsc,7571
fsc_7575.jpg,fish,28,"(25, 28]",8,fsc,7575
fsc_7576.jpg,cars,92,"(91, 94]",30,fsc,7576
fsc_7578.jpg,cars,86,"(85, 88]",28,fsc,7578
fsc_7581.jpg,comic books,30,"(28, 31]",9,fsc,7581
fsc_7583.jpg,comic books,21,"(19, 22]",6,fsc,7583
fsc_7585.jpg,pens,87,"(85, 88]",28,fsc,7585
fsc_7588.jpg,deer,39,"(37, 40]",12,fsc,7588
fsc_7590.jpg,lego pieces,100,"(97, 100]",32,fsc,7590
fsc_7598.jpg,sheep,31,"(28, 31]",9,fsc,7598
fsc_7606.jpg,cars,99,"(97, 100]",32,fsc,7606
fsc_762.jpg,birds,77,"(76, 79]",25,fsc,762
fsc_7623.jpg,cassettes,84,"(82, 85]",27,fsc,7623
fsc_7628.jpg,windows,62,"(61, 64]",20,fsc,7628
fsc_7632.jpg,boxes,81,"(79, 82]",26,fsc,7632
fsc_7637.jpg,watches,67,"(64, 67]",21,fsc,7637
fsc_7638.jpg,windows,28,"(25, 28]",8,fsc,7638
fsc_7641.jpg,boxes of cereal,34,"(31, 34]",10,fsc,7641
fsc_7647.jpg,caps,47,"(46, 49]",15,fsc,7647
fsc_7649.jpg,ants,19,"(16, 19]",5,fsc,7649
fsc_7651.jpg,books,75,"(73, 76]",24,fsc,7651
fsc_7654.jpg,bottles,93,"(91, 94]",30,fsc,7654
fsc_7655.jpg,ants,72,"(70, 73]",23,fsc,7655
fsc_7663.jpg,boats,70,"(67, 70]",22,fsc,7663
fsc_7664.jpg,zebras,14,"(13, 16]",4,fsc,7664
fsc_7667.jpg,cassettes,72,"(70, 73]",23,fsc,7667
fsc_7668.jpg,eggs,23,"(22, 25]",7,fsc,7668
fsc_767.jpg,books,55,"(52, 55]",17,fsc,767
fsc_7670.jpg,pens,32,"(31, 34]",10,fsc,7670
fsc_7674.jpg,cassettes,54,"(52, 55]",17,fsc,7674
fsc_7677.jpg,pens,41,"(40, 43]",13,fsc,7677
fsc_7679.jpg,deer,10,"(7, 10]",2,fsc,7679
fsc_7681.jpg,coins,58,"(55, 58]",18,fsc,7681
fsc_7685.jpg,biscuits,60,"(58, 61]",19,fsc,7685
fsc_7688.jpg,watches,32,"(31, 34]",10,fsc,7688
fsc_7691.jpg,camels,43,"(40, 43]",13,fsc,7691
fsc_7693.jpg,apples,81,"(79, 82]",26,fsc,7693
fsc_7694.jpg,comic books,60,"(58, 61]",19,fsc,7694
fsc_7695.jpg,comic books,40,"(37, 40]",12,fsc,7695
fsc_7700.jpg,lego pieces,30,"(28, 31]",9,fsc,7700
fsc_7701.jpg,lego pieces,23,"(22, 25]",7,fsc,7701
fsc_7703.jpg,people,66,"(64, 67]",21,fsc,7703
fsc_7704.jpg,cups,77,"(76, 79]",25,fsc,7704
fsc_78.jpg,tomatoes,59,"(58, 61]",19,fsc,78
fsc_785.jpg,cups,63,"(61, 64]",20,fsc,785
fsc_80.jpg,tomatoes,54,"(52, 55]",17,fsc,80
fsc_803.jpg,bricks,61,"(58, 61]",19,fsc,803
fsc_812.jpg,bottle caps,51,"(49, 52]",16,fsc,812
fsc_82.jpg,tomatoes,81,"(79, 82]",26,fsc,82
fsc_828.jpg,bottle caps,87,"(85, 88]",28,fsc,828
fsc_834.jpg,bottle caps,80,"(79, 82]",26,fsc,834
fsc_852.jpg,books,41,"(40, 43]",13,fsc,852
fsc_856.jpg,books,44,"(43, 46]",14,fsc,856
fsc_859.jpg,books,97,"(94, 97]",31,fsc,859
fsc_864.jpg,books,84,"(82, 85]",27,fsc,864
fsc_887.jpg,plates,57,"(55, 58]",18,fsc,887
fsc_890.jpg,plates,19,"(16, 19]",5,fsc,890
fsc_892.jpg,plates,59,"(58, 61]",19,fsc,892
fsc_893.jpg,plates,20,"(19, 22]",6,fsc,893
fsc_897.jpg,plates,52,"(49, 52]",16,fsc,897
fsc_898.jpg,plates,12,"(10, 13]",3,fsc,898
fsc_909.jpg,comic books,62,"(61, 64]",20,fsc,909
fsc_911.jpg,comic books,85,"(82, 85]",27,fsc,911
fsc_914.jpg,skateboards,65,"(64, 67]",21,fsc,914
fsc_943.jpg,birds,97,"(94, 97]",31,fsc,943
fsc_955.jpg,birds,86,"(85, 88]",28,fsc,955
fsc_961.jpg,birds,48,"(46, 49]",15,fsc,961
fsc_976.jpg,birds,85,"(82, 85]",27,fsc,976
fsc_985.jpg,watches,53,"(52, 55]",17,fsc,985
fsc_991.jpg,watches,93,"(91, 94]",30,fsc,991
fsc_995.jpg,watches,20,"(19, 22]",6,fsc,995
fsc_998.jpg,watches,24,"(22, 25]",7,fsc,998
tqa_2320499.jpg,bananas,6,"(4, 7]",1,tqa,2320499
tqa_2327830.jpg,apples,5,"(4, 7]",1,tqa,2327830
tqa_2330633.jpg,windows,7,"(4, 7]",1,tqa,2330633
tqa_2332915.jpg,goats,3,"(1, 4]",0,tqa,2332915
tqa_2333213.jpg,goats,6,"(4, 7]",1,tqa,2333213
tqa_2335330.jpg,deer,6,"(4, 7]",1,tqa,2335330
tqa_2335844.jpg,books,4,"(1, 4]",0,tqa,2335844
tqa_2340072.jpg,candles,3,"(1, 4]",0,tqa,2340072
tqa_2341127.jpg,balls,5,"(4, 7]",1,tqa,2341127
tqa_2341943.jpg,zebras,13,"(10, 13]",3,tqa,2341943
tqa_2342341.jpg,swans,2,"(1, 4]",0,tqa,2342341
tqa_2342508.jpg,glasses,11,"(10, 13]",3,tqa,2342508
tqa_2344838.jpg,skateboards,3,"(1, 4]",0,tqa,2344838
tqa_2348346.jpg,towels,4,"(1, 4]",0,tqa,2348346
tqa_2349769.jpg,books,10,"(7, 10]",2,tqa,2349769
tqa_2351974.jpg,oranges,3,"(1, 4]",0,tqa,2351974
tqa_2352597.jpg,sausages,4,"(1, 4]",0,tqa,2352597
tqa_2353199.jpg,cans,5,"(4, 7]",1,tqa,2353199
tqa_2354375.jpg,tomatoes,5,"(4, 7]",1,tqa,2354375
tqa_2357373.jpg,glasses,7,"(4, 7]",1,tqa,2357373
tqa_2357818.jpg,candles,5,"(4, 7]",1,tqa,2357818
tqa_2367059.jpg,sheep,6,"(4, 7]",1,tqa,2367059
tqa_2369581.jpg,skis,7,"(4, 7]",1,tqa,2369581
tqa_2369655.jpg,towels,5,"(4, 7]",1,tqa,2369655
tqa_2370691.jpg,boats,4,"(1, 4]",0,tqa,2370691
tqa_2372410.jpg,cups,7,"(4, 7]",1,tqa,2372410
tqa_2378801.jpg,sheep,3,"(1, 4]",0,tqa,2378801
tqa_2379374.jpg,cars,9,"(7, 10]",2,tqa,2379374
tqa_2380059.jpg,strawberries,5,"(4, 7]",1,tqa,2380059
tqa_2381919.jpg,bowls,5,"(4, 7]",1,tqa,2381919
tqa_2382276.jpg,apples,2,"(1, 4]",0,tqa,2382276
tqa_2383303.jpg,bottles,2,"(1, 4]",0,tqa,2383303
tqa_2386369.jpg,steps,4,"(1, 4]",0,tqa,2386369
tqa_2387838.jpg,birds,3,"(1, 4]",0,tqa,2387838
tqa_2388121.jpg,eggs,2,"(1, 4]",0,tqa,2388121
tqa_2391218.jpg,windows,2,"(1, 4]",0,tqa,2391218
tqa_2392711.jpg,zebras,3,"(1, 4]",0,tqa,2392711
tqa_2393831.jpg,people,15,"(13, 16]",4,tqa,2393831
tqa_2394129.jpg,elephants,3,"(1, 4]",0,tqa,2394129
tqa_2394789.jpg,people,13,"(10, 13]",3,tqa,2394789
tqa_2395136.jpg,horses,4,"(1, 4]",0,tqa,2395136
tqa_2396412.jpg,people,3,"(1, 4]",0,tqa,2396412
tqa_2397668.jpg,bowls,4,"(1, 4]",0,tqa,2397668
tqa_2400801.jpg,people,5,"(4, 7]",1,tqa,2400801
tqa_2402299.jpg,plates,5,"(4, 7]",1,tqa,2402299
tqa_2402747.jpg,boats,5,"(4, 7]",1,tqa,2402747
tqa_2403462.jpg,pens,3,"(1, 4]",0,tqa,2403462
tqa_2405012.jpg,cupcakes,2,"(1, 4]",0,tqa,2405012
tqa_2405301.jpg,skis,4,"(1, 4]",0,tqa,2405301
tqa_2405346.jpg,coins,5,"(4, 7]",1,tqa,2405346
tqa_2405573.jpg,boxes,4,"(1, 4]",0,tqa,2405573
tqa_2406056.jpg,flowers,4,"(1, 4]",0,tqa,2406056
tqa_2406358.jpg,cows,6,"(4, 7]",1,tqa,2406358
tqa_2407144.jpg,cars,5,"(4, 7]",1,tqa,2407144
tqa_2407293.jpg,bricks,4,"(1, 4]",0,tqa,2407293
tqa_2407754.jpg,bottles,5,"(4, 7]",1,tqa,2407754
tqa_2408321.jpg,horses,5,"(4, 7]",1,tqa,2408321
tqa_2408851.jpg,bananas,3,"(1, 4]",0,tqa,2408851
tqa_2410159.jpg,elephants,5,"(4, 7]",1,tqa,2410159
tqa_2411873.jpg,oranges,7,"(4, 7]",1,tqa,2411873
tqa_2411951.jpg,cars,2,"(1, 4]",0,tqa,2411951
tqa_2411970.jpg,donuts,7,"(4, 7]",1,tqa,2411970
tqa_2412680.jpg,shoes,2,"(1, 4]",0,tqa,2412680
tqa_2413623.jpg,cupcakes,5,"(4, 7]",1,tqa,2413623
tqa_2414191.jpg,steps,7,"(4, 7]",1,tqa,2414191
tqa_2414481.jpg,sheep,11,"(10, 13]",3,tqa,2414481
tqa_2414513.jpg,donuts,4,"(1, 4]",0,tqa,2414513
tqa_2414607.jpg,spoons,2,"(1, 4]",0,tqa,2414607
tqa_2414647.jpg,caps,2,"(1, 4]",0,tqa,2414647
